{"cameraMode":{"drawMode":0,"name":"Shaded","section":"Shading Mode"},"sceneLighting":false,"audioPlay":false,"sceneViewState":{"showFog":true,"showMaterialUpdate":false,"showSkybox":true,"showFlares":true,"showImageEffects":true,"showParticleSystems":true},"in2DMode":false,"pivot":{"x":-0.004126071929931641,"y":0.26679563522338869,"z":1.0155141353607178},"rotation":{"x":-0.07855337113142014,"y":0.31216543912887576,"z":-0.02590957097709179,"w":-0.9464337229728699},"size":4.642609596252441,"orthographic":false}